{
  "model_type": "image_text_fusion",
  "epochs": 10,
  "batch_size": 16,
  "learning_rate": 0.001,
  "optimizer": "adam",
  "use_gru": true,
  "best_val_acc": 97.95918367346938,
  "best_epoch": 8,
  "train_losses": [
    0.9530563877100248,
    0.5248579701414081,
    0.6589513446676697,
    0.5313942715909897,
    0.37958429536027005,
    0.29294644069876574,
    0.1579351151911782,
    0.11257931560192545,
    0.0800578595475323,
    0.05360198235152593
  ],
  "train_accs": [
    67.0487106017192,
    81.9484240687679,
    76.21776504297995,
    83.3810888252149,
    89.39828080229226,
    89.68481375358166,
    95.12893982808023,
    95.98853868194843,
    97.42120343839541,
    98.8538681948424
  ],
  "val_losses": [
    16.012460577180367,
    1.113644269922254,
    5.105673089319346,
    2.286155895609171,
    0.7182145848566172,
    0.23031329591663516,
    0.2295674436858722,
    0.050558211823583256,
    0.14670517543634895,
    0.0896448313532699
  ],
  "val_accs": [
    32.6530612244898,
    61.224489795918366,
    48.97959183673469,
    48.97959183673469,
    73.46938775510205,
    91.83673469387755,
    93.87755102040816,
    97.95918367346938,
    93.87755102040816,
    97.95918367346938
  ]
}