{
  "model_type": "image_only",
  "epochs": 10,
  "batch_size": 16,
  "learning_rate": 0.001,
  "optimizer": "adam",
  "best_val_acc": 85.71428571428571,
  "best_epoch": 8,
  "train_losses": [
    0.9292037835435403,
    0.7243604612213834,
    0.644960356817546,
    0.41421663368328937,
    0.40315962832602525,
    0.3601896890938111,
    0.3159093855103654,
    0.37279641901524496,
    0.2987513752243239,
    0.3142873065861043
  ],
  "train_accs": [
    68.19484240687679,
    73.06590257879657,
    77.07736389684814,
    85.10028653295129,
    85.10028653295129,
    87.10601719197707,
    89.39828080229226,
    88.53868194842407,
    90.25787965616045,
    89.97134670487107
  ],
  "val_losses": [
    10.294655729313018,
    5.01900227215558,
    1.0138021424716832,
    0.6936839115235727,
    0.5628650881806199,
    0.6051750961615114,
    3.464180411124716,
    0.35937262220042093,
    1.2860192890678133,
    1.6035609122137635
  ],
  "val_accs": [
    44.89795918367347,
    42.857142857142854,
    71.42857142857143,
    79.59183673469387,
    79.59183673469387,
    79.59183673469387,
    61.224489795918366,
    85.71428571428571,
    59.183673469387756,
    61.224489795918366
  ]
}